año,muertes_motociclistas ,porcentaje_cambio
2020,29,58.620689655172406
2021,46,58.620689655172406
